alopezsabio = ANTONIO <alopezsabio@users.berlios.de>
alvaro_demiguel = Alvaro de Miguel <alvaro.demiguel@gmail.com>
alvarodemiguel = Alvaro de Miguel <alvaro.demiguel@gmail.com>
arturo_ml = Arturo Martín Llado <antar_cheran@yahoo.es>
bruli = Pablo Braulio <bruli@netparatodos.com>
c_albert = c_albert <cafervero@users.berlios.de>
carluti = Carlos Davila <cdavilam@jemila.jazztel.es>
dagut74 = dagut47 <dagut74@users.berlios.de>
el_ferrer = Raul Martinez i Peris <elferrer@gmail.com>
elferrer = Raul Martinez i Peris <elferrer@gmail.com>
fcojavmc = Fco. Javier M.C. <fcojavmc@todo-redes.com>
girardhenri = Henri Girard <henrigirard@free.fr>
gpg4all = gpg4all <gpg4all@users.berlios.de>
hilex = Hilex Transformaciones Metalicas S.L. <hilex@metalica-hilex.com>
i02sopop = Pablo Alvarez de Sotomayor Posadillo <palvarez@ritho.net>
ikerssm = Iker Salmon San Millan <shaola@esdebian.org>
jburcion = Josep Burcion <josep@burcion.com>
joanmi = Joan Miquel Torres Rigo <joanmiquel@mallorcaweb.net>
laida = Adelaida Clavaguera Mora <aclavaguera@adenc.org>
lepalom = Leopold Palomo Avellaneda <leo@alaxarxa.net>
mestressa = Cristina Marco <cmarco@conetxia.com>
mmezo = Marcos Mezo <mmezo@euatm.upm.es>
mph2 = Daniel Ripoll Osma <meph.snake@gmail.com>
neck = Nando <neck@users.berlios.de>
orestes = Orestes Mas <orestes@tsc.upc.edu>
pepma = Josep Maria Estopa <pepma.foros@gmail.com>
plcl = Pedro Lopez-Cabanillas <pedro.lopez.cabanillas@gmail.com>
rbncabezas = Ruben Cabezas Siguenza <rbncabezas@gmail.com>
rdcalle = Ricardo Diaz de la Calle <richard@galdi.es>
rikidcalle = Ricardo Diaz de la Calle <richard@galdi.es>
root = root <admin@berlios.de>
russi = Xavier Rusinyol Escriu <russi7@gmail.com>
solomons = Oscar Serna <solomons67@mixmail.com>
scapel = Santiago Capel <santi@kernelpanick.hacklabs.org>
talvarez = Tony Alvarez <t.alvarezpascual@gmail.com>
tborras = Tomeu Borras <tborras@conetxia.com>
tborras = Tomeu Borras <tborras@gmail.com>
the-vice = Toni Martin Lopez <thevice@gmail.com>
the_vice = Toni Martin Lopez <thevice@gmail.com>
trebla = trebla <trebla@users.berlios.de>
trebol6 = Rene Merou <ochominutosdearco@gmail.com>
vgmarimon = Victor G. Marimon <vgmarimon@terra.es>
wgarcia = Walter Garcia-Fontes <walter.garcia@upf.edu>
xdrudis = Xavi Drudis Ferran <xdrudis@tinet.cat>
xerakko = Miguel Gea Milvaques <xerakko@debian.org>
(no author) = noauthor <admin@berlios.de>
